epoch,rna_rmsd,rna_recovery,pdb_ids,pred_seqs
0,20.189777374267578,0.3125,7OZQ_A_G,GGCGGAAGCAAAAAAAAAAAAGAACGGCGGGC
0,13.336004257202148,0.24561403508771928,7D7V_C_A,GGGGGGUGCGGGGCUAGUCAAAAAAAGGGCGGGACCCGCUGGGGGGCCCGCCCCCCC
0,15.056429862976074,0.38461538461538464,7A9X_A_B,AAGAAAAAAAGGG
0,5.490725040435791,0.28205128205128205,4PMI_B_A,GCGGGACCUGGAGGGAAAAAAAAGGUCCCGGCGGGGGCG
0,7.9905877113342285,0.0,4PMW_B_D,AAAAAAAAAAAAAA
0,13.538374900817871,0.2727272727272727,1J2B_B_C,GGGGCGCGAGGCGAGAGGCGGCCGGGGAAAAAAGAGGAGCGGGCGCGGGGAGGGGGGGGGGGGGCCGCCCCGGGGCC
0,15.141642570495605,0.3181818181818182,2PLY_A_C,CGGUGCAGAAAGAAGGCGCGCC
0,16.366594314575195,0.4666666666666667,7A9W_A_B,GAAAAAAAAAAAAGG
0,11.368745803833008,0.2978723404255319,4O26_B_F,GGCGGCAAGAAGAGCGAGAAAAAGAAGAGGGCGGUAACCGCGGCCCG
0,12.557409286499023,0.2328767123287671,3WC1_C_Q,GGCGGGGGGGGGGGGGCGGCGAGGGGCGCGCAGGAGCUUAAACGAAAAAAGGGGGGGCCGGCCCGGCGGCCGC
0,13.082832336425781,0.2727272727272727,7MJW_A_M,AGUAAAAAAAG
0,16.006393432617188,0.6363636363636364,6YYM_A_B,UUUUUUUUUUU
0,14.784772872924805,0.28,1IVS_B_D,GGGGGGCGGAGGCGCGGGGCGUUUAAUUAAAAAAAAAAAAAGCCGGGCGGGGCCGGGGGGGAAAAGGAAAAAGGC
0,14.468828201293945,0.26865671641791045,6ZDP_A_B,AAAAAAAAAGGGAGGGCGAGGGGGAAGGGGAGCGGGGCGGGCCGGUGGAGGGCGCCCCGGGCGCCCC
0,8.57229995727539,0.17391304347826086,1P6V_A_D,UUUUUUUUUUUUUUUUUUUUUUU
